age_bin,age_mid,period_name,n_sites,richness_med,shannon_med,evenness_med,openness_med,roc_med,openness_q25,openness_q75,openness_loess
"[0, 1000)",500.0,Historical,172,10.666666666666666,1.7343845325294236,0.756942391484574,0.11393930234433333,0.2101286786090734,0.044170583893906365,0.27356093838414014,0.11393930234433337
"[1000, 4000)",2500.0,Late Holocene,174,10.212121212121213,1.7381981829070126,0.7619281019093818,0.05740388427665629,0.1977741742127463,0.02363071246761091,0.14375573368187733,0.05740388427665625
"[4000, 8000)",6000.0,Mid Holocene,156,9.563492063492063,1.6971431787757059,0.7594889058655186,0.03882268633941075,0.18417585392451818,0.015260255600993757,0.10351744100455529,0.038822686339410745
"[8000, 11500)",9750.0,Early Holocene,145,9.233333333333333,1.5245970145530592,0.7057208118854621,0.1344664594664595,0.21521005189924108,0.06111125126037233,0.31999859431533983,0.13446645946645944
"[11500, 21500)",16500.0,Late Pleistocene,43,12.257142857142858,1.9931397088346199,0.7882658550687679,0.2684693056865563,0.28013508368367085,0.18045986456671978,0.47058823529411753,0.26846930568655625
